<?xml version="1.0" encoding="UTF-8" ?>
<!DOCTYPE mapper
        PUBLIC "-//mybatis.org//DTD Mapper 3.0//EN"
        "http://mybatis.org/dtd/mybatis-3-mapper.dtd">
<mapper namespace="com.kuang.dao.UserMapper">

    <select id="getUserList" resultType="com.kuang.pojo.User">
        select * from jtstudy.user;
    </select>
    <select id="getUserById" parameterType="int" resultType="com.kuang.pojo.User">
        select * from jtstudy.user where id = #{id};
    </select>
    <select id="getUserById2" parameterType="Map" resultType="com.kuang.pojo.User">
        select * from jtstudy.user where id = #{userId};
    </select>
    <insert id="addUser" parameterType="com.kuang.pojo.User">
        insert into jtstudy.user(id, name,major,sno) values(#{id},#{name},#{major},#{sno});
    </insert>
    <insert id="addUser2" parameterType="Map">
        insert into jtstudy.user(id,name,major,sno) values(#{userId},#{name},#{major},#{sno});
    </insert>
    <update id="updateUser" parameterType="com.kuang.pojo.User">
        update jtstudy.user set name=#{name},major=#{major},sno=#{sno} where id=#{id};
    </update>
    <delete id="deleteUser" parameterType="int">
        delete from jtstudy.user where id=#{id};
    </delete>
</mapper>